key;pl_title;pl_body;en_title;en_body
Brightness;Jasność;Ustawia podświetlenie ekranu od 20 do 100%. Przeciągnij palcem po kafelku w lewo albo w prawo, a jasność zmienia się od razu, zanim puścisz palec. Stuknięcie w kafelek otwiera duży suwak.\nW motywie Nocnym czytnik używa tej samej wartości, ale ściemnionej do około 70%, żeby w ciemnym pokoju ekran nie raził.\nNiższa jasność to dłuższa praca na baterii.;Brightness;Sets the backlight from 20 to 100%. Drag your finger left or right across the tile and the brightness follows before you lift it. A tap opens the large slider.\nIn the Night theme the reader uses the same value dimmed to about 70%, so the screen doesn't glare in a dark room.\nLower brightness means longer battery life.
Handedness;Orientacja;Obraca obraz o 180 stopni. Wybierz tak, żeby przyciski czytnika były tam, gdzie wygodnie trzymasz kciuk.\nDotyk obraca się razem z obrazem, więc wszystkie przyciski na ekranie dalej działają tam, gdzie je widzisz.;Orientation;Turns the picture by 180 degrees. Pick whichever puts the reader's buttons where your thumb rests.\nTouch turns with the picture, so every on-screen button still works where you see it.
BatteryStyle;Wskaźnik baterii;Zmienia wygląd baterii wszędzie: na pasku zakładek, na ekranie przed czytaniem i w trakcie czytania.\nIkona + %: mała bateria i obok liczba z procentem.\nLiczba w ikonie: szersza bateria z liczbą w środku, pasek na dole pokazuje poziom.\nSama liczba: tylko liczba, bez ikony i bez znaku %.\nTylko ikona: sama bateria.\nPodczas ładowania obok baterii pojawia się zielona błyskawica.;Battery indicator;Changes how the battery looks everywhere: in the tab rail, on the screen before reading and while reading.\nIcon + %: a small battery with the number next to it.\nNumber in icon: a wider battery with the number inside, a bar along the bottom shows the level.\nNumber only: just the number, no icon and no % sign.\nIcon only: just the battery.\nWhile charging a green lightning bolt appears next to the battery.
Footer;Stopka;Co pokazuje prawy dolny róg ekranu czytania.\nProcent: ile książki masz za sobą.\nCzas rozdziału: ile zostało do końca rozdziału przy obecnym tempie.\nCzas książki: ile zostało do końca książki.\nMożesz to też zmieniać w trakcie pauzy, stukając w ten róg.;Footer;What the bottom right corner of the reading screen shows.\nPercent: how much of the book you have read.\nChapter time: time left in the chapter at your current speed.\nBook time: time left in the whole book.\nYou can also switch it while paused by tapping that corner.
BatteryLabel;Bateria: napis;Co jest napisane przy baterii na ekranie czytania: procent naładowania, szacowany czas pracy albo napięcie ogniwa.\nCzas pracy pojawia się dopiero po kilkunastu minutach używania, bo czytnik musi zobaczyć, jak szybko spada poziom.;Battery label;What the battery label on the reading screen says: charge percent, estimated time left or the cell voltage.\nTime left shows up only after some minutes of use, because the reader has to see how fast the level drops.
Screensaver;Wygaszacz;Otwiera ustawienia wygaszacza: który obraz się pokazuje, po ilu minutach bezczynności się włącza i kiedy czytnik sam się wyłączy.;Screensaver;Opens the screensaver settings: which picture shows, after how many idle minutes it starts and when the reader switches itself off.
ReaderBattery;Bateria w czytaniu;Włączone: bateria jest widoczna w prawym górnym rogu także wtedy, gdy słowa lecą.\nWyłączone: w trakcie czytania ekran jest czysty, bateria wraca po pauzie.;Battery while reading;On: the battery stays in the top right corner while words are flashing.\nOff: the screen stays clean while reading, the battery comes back when you pause.
ReaderChapter;Rozdział w czytaniu;Pokazuje nazwę bieżącego rozdziału na dole ekranu także w trakcie czytania. Po wyłączeniu nazwa jest widoczna tylko w pauzie.;Chapter while reading;Shows the current chapter name at the bottom while reading. When off, the name shows only while paused.
ReaderProgress;Procent w czytaniu;Pokazuje postęp w prawym dolnym rogu także w trakcie czytania. Po wyłączeniu widać go tylko w pauzie.;Progress while reading;Shows your progress in the bottom right corner while reading. When off, it shows only while paused.
Language;Język;Język całego menu. Każde stuknięcie przełącza na kolejny: polski, angielski, niemiecki, hiszpański, francuski, rumuński.\nKsiążek to nie zmienia, one zostają w swoim języku.;Language;Language of the whole menu. Each tap moves to the next one: Polish, English, German, Spanish, French, Romanian.\nBooks are not affected, they stay in their own language.
HelpHints;Pomoc (?);Włącza okrągłe przyciski ? przy opcjach w ustawieniach. Stuknięcie w ? otwiera taką stronę jak ta, z pełnym opisem opcji.\nGdy znasz już wszystkie ustawienia, wyłącz pomoc, a kafelki staną się szersze.;Help (?);Turns on the round ? buttons next to settings. Tapping a ? opens a page like this one with the full description.\nOnce you know the settings, switch help off and the tiles get wider.
NavMode;Tryb nawigacji;Official to domyślny wygląd czytnika: zakładki z boku, kafelki i ekran przed czytaniem.\nPozostałe tryby (Przyciski, Swipe, D-Pad) to starsze układy menu. Są dostępne tylko w trybie zaawansowanym.;Navigation mode;Official is the reader's default look: tabs on the side, tiles and the screen before reading.\nThe other modes (Buttons, Swipe, D-Pad) are older menu layouts, available only in advanced mode.
SavePointNameMode;Nazwa punktu zapisu;Własna: po dotknięciu zakładki czytnik pyta, czy zostawić domyślną nazwę, czy wpisać swoją na klawiaturze.\nDomyślna: zakładka zapisuje się od razu z nazwą z procentem i rozdziałem, bez pytania.;Save point name;Custom: after tapping the bookmark the reader asks whether to keep the default name or type your own.\nDefault: the bookmark is saved at once with a name made of the percent and the chapter, no questions.
ReadingMode;Tryb czytania;RSVP pokazuje jedno słowo naraz w tym samym miejscu ekranu. Oko się nie przesuwa, dlatego da się czytać szybciej.\nPrzewijanie pokazuje zwykły tekst, który sam przesuwa się w górę w twoim tempie, z zaznaczonym bieżącym słowem.\nEkran przed czytaniem pokazuje podgląd w wybranym trybie.;Reading mode;RSVP shows one word at a time in the same spot. Your eyes stay still, so you can read faster.\nScroll shows regular text that moves up at your speed, with the current word marked.\nThe screen before reading previews the chosen mode.
PauseMode;Pauza;Natychmiast: czytanie zatrzymuje się w chwili dotknięcia.\nNa końcu zdania: czytnik dokańcza bieżące zdanie i dopiero wtedy staje, żeby łatwiej było wrócić do myśli.;Pause;Instant: reading stops the moment you touch the screen.\nAt sentence end: the reader finishes the current sentence and then stops, which makes it easier to pick the thought up again.
Wpm;Tempo;Ile słów na minutę pokazuje czytnik. Dla większości osób wygodny start to 250-350.\nPrzeciągnij palcem po kafelku, żeby zmieniać płynnie, albo stuknij, żeby otworzyć duży suwak. Tempo zmienisz też na ekranie przed czytaniem przyciskami - i +.\nDodatkowe opóźnienia (długie słowa, złożoność, interpunkcja) są doliczane do tego tempa.;Speed;How many words per minute the reader shows. A comfortable start for most people is 250-350.\nDrag across the tile to change it smoothly or tap to open the large slider. You can also change it on the screen before reading with the - and + buttons.\nThe extra delays (long words, complexity, punctuation) are added on top.
LongWords;Długie słowa;Dodatkowy czas dla długich słów. Im dłuższe słowo, tym więcej z tej wartości dostaje. 0 wyłącza dodatek.\nPomaga przy książkach z długimi, złożonymi wyrazami.;Long words;Extra time for long words. The longer the word, the more of this value it gets. 0 turns it off.\nHelps with books full of long compound words.
Complexity;Złożoność;Dodatkowy czas dla słów z cyframi, myślnikami, wielkimi literami w środku i rzadkimi znakami. Takie słowa oko czyta wolniej.;Complexity;Extra time for words with digits, hyphens, capitals in the middle and rare characters. The eye reads those more slowly.
Punctuation;Interpunkcja;Przerwa po przecinku, kropce, wykrzykniku i pytajniku. Działa jak oddech przy czytaniu na głos i pomaga złapać sens zdania.;Punctuation;A pause after commas, full stops, exclamation and question marks. Works like a breath when reading aloud and helps the sentence sink in.
ResetPacing;Przywróć tempo;Ustawia tempo i wszystkie trzy dodatkowe opóźnienia z powrotem na wartości fabryczne.;Reset pacing;Puts the speed and all three extra delays back to the factory values.
ScrollFontSize;Rozmiar tekstu;Wielkość liter w trybie przewijania. Większy tekst to mniej słów w linii.;Text size;Letter size in scroll mode. Bigger text means fewer words per line.
ScrollLineSpacing;Odstępy;Odstęp między liniami tekstu w trybie przewijania.;Line spacing;Space between lines in scroll mode.
ScrollMargins;Marginesy;Wolne miejsce po lewej i prawej stronie tekstu w trybie przewijania.;Margins;Empty space left and right of the text in scroll mode.
ScrollPreview;Podgląd;Pokazuje przykładowy tekst z bieżącymi ustawieniami przewijania.;Preview;Shows sample text with the current scroll settings.
SaverStyle;Styl wygaszacza;Obraz, który pokazuje się, gdy nie używasz czytnika. Każde dotknięcie przełącza na następny styl. Książka: okładka i postęp bieżącej książki, powoli przesuwa się po ekranie. Słowa: tekst twojej książki od miejsca, w którym skończyłeś, płynie w trzech pasach. Fale: spokojne linie w kolorze akcentu. Życie, Labirynt i Voronoi to animacje z kratek. Wyłączony ekran oszczędza baterię najbardziej. Wygaszacz używa kolorów z palety menu wybranej w Motywach.;Screensaver style;The picture shown while the reader is idle. Each tap switches to the next style. Book: the current book's cover and progress, drifting slowly. Words: your book's text from where you stopped, gliding in three lanes. Waves: calm lines in the accent color. Life, Maze and Voronoi are cell animations. Screen off saves the most battery. It uses the colors of the menu palette chosen in Motywy.
SaverTimeout;Po jakim czasie;Po ilu minutach bez dotyku włącza się wygaszacz. Działa w menu i w pauzie, nigdy w trakcie czytania.;Start after;How many minutes without touch before the screensaver starts. Works in the menu and while paused, never while reading.
SaverAutoOff;Wyłącz po;Po ilu minutach wygaszacza czytnik sam się wyłącza, żeby nie rozładować baterii w torbie. Nigdy = wygaszacz działa, dopóki go nie obudzisz.;Power off after;How many minutes of screensaver before the reader switches itself off, so the battery doesn't drain in a bag. Never = the screensaver runs until you wake it.
SaverSleepGuard;Czuwanie w czytaniu;Jeśli w trakcie czytania przez tyle minut nie dotkniesz ekranu, czytnik uzna, że zasnąłeś: zatrzyma książkę, zapamięta miejsce i włączy wygaszacz.;Sleep guard;If you don't touch the screen for this many minutes while reading, the reader assumes you fell asleep: it stops, remembers the place and starts the screensaver.
SaverPreview;Podgląd wygaszacza;Włącza wygaszacz od razu, żeby zobaczyć, jak wygląda. Obudzisz czytnik przyciskiem.;Screensaver preview;Starts the screensaver right away so you can see it. Wake the reader with a button.
HomePacing;Tempo i pauzy;Tryb czytania (RSVP albo przewijanie), tempo w słowach na minutę i dodatkowe przerwy dla trudnych słów i interpunkcji.;Speed and pauses;Reading mode (RSVP or scroll), words per minute and extra pauses for hard words and punctuation.
HomeTypography;Typografia;Krój pisma książki, rozmiar, odstępy między literami, miejsce kotwicy i linie prowadzące na ekranie czytania.;Typography;The book typeface, size, letter spacing, anchor position and the guide lines on the reading screen.
HomeDisplay;Wyświetlacz;Jasność, orientacja, wskaźnik baterii, co widać w trakcie czytania i język menu.;Display;Brightness, orientation, battery indicator, what shows while reading and the menu language.
HomeAdvanced;Tryb zaawansowany;Odsłania rzeczy dla ciekawskich: zakładkę Pluginy, presety ustawień, starsze tryby nawigacji i ręczne sprawdzanie aktualizacji.\nNic się nie psuje, gdy go wyłączysz. Czytnik wraca wtedy do trybu Official.;Advanced mode;Reveals extras: the Plugins tab, setting presets, the older navigation modes and manual update checks.\nNothing breaks when you switch it off, the reader just goes back to Official mode.
HomePresets;Presety;Zapisuje cały zestaw ustawień czytania pod jedną nazwą, żeby jednym stuknięciem przełączać się np. między szybkim czytaniem a spokojną lekturą wieczorem.;Presets;Saves a whole set of reading settings under one name, so one tap switches between, say, fast reading and a calm evening session.
